,acc_score,f1_score
GaussianNB,0.8019323671497585,0.831275720164609
KNeighborsClassifier(8),0.6328502415458938,0.6415094339622642
DecisionTreeClassifier(),0.8260869565217391,0.8421052631578947
RandomForestClassifier,0.8647342995169082,0.8750000000000001
SVM,0.6714975845410628,0.7571428571428571
MLPClassifier,0.6086956521739131,0.5621621621621622
